,Rome,Zurich,Berlin
Rome,0.0,1.044030650891055,3.6124783736376886
Zurich,1.044030650891055,0.0,3.3734255586866007
Berlin,3.6124783736376886,3.3734255586866007,0.0
