node,Rome,Zurich,Berlin
Rome,0.0,1414.213562373095,2000.0
Zurich,1414.213562373095,0.0,1414.213562373095
Berlin,2000.0,1414.213562373095,0.0