natural_gas,heat
0,0
10,3.530819672
20,3.221639344
30,4.072459016
40,6.083278689
50,9.254098361
60,13.58491803
70,19.0757377
80,25.72655738
90,33.53737705
100,42.50819672
110,52.63901639
120,63.92983607
130,76.38065574
140,89.99147541
150,104.7622951
160,120.6931148
170,137.7839344
180,156.0347541
190,175.4455738
200,196.0163934
GW,GW
