hydrogen,oxygen,electricity,water
0.0,0.0,0.0,0.0
500.0,500.0,666.66667,4500.0
1000.0,1000.0,1538.461538,9000.0
