hydrogen,oxygen,electricity,water
0,0,0,0
500,4000,666.66667,4500
1000,8000,1538.4615384615385,9000