slope,intercept,lbSegment,ubSegment
0.0,0.0,0.0,0.01
518036.25005161663,480510.90352684504,0.01,16.464296541989135
375851.82851805334,2821477.383306616,16.464296541989135,1000000000.0
