,Rome,Zurich,Berlin
Rome,0.0,1.0,1.118033988749895
Zurich,1.0,0.0,1.118033988749895
Berlin,1.118033988749895,1.118033988749895,0.0
